Name,Gender,Channel-URL
PhanTanTrung,male,https://youtu.be/4GXCubzRCoE
HoangVanKhoa,male,https://youtu.be/g5HNXq3snO4
PewDiePie,male,https://www.youtube.com/watch?v=5UgEXod2RSY
DanTDM,male,https://www.youtube.com/watch?v=lJDD8wQ3bYo
JackSepticEye,male,https://www.youtube.com/watch?v=ENTxPOS75YU
CoryxKenshin,male,https://www.youtube.com/watch?v=gDP-JRr05Uk
SSundee,male,https://www.youtube.com/watch?v=AWhjyCrCwKI
Markiplier,male,https://www.youtube.com/watch?v=wy3cZfOQXGA
Lyna,female,https://www.youtube.com/watch?v=F0y_-ZDZPNQ
CrisDevilGamer,male,https://www.youtube.com/watch?v=RD-9KJqkp8g
Amee,female,https://www.youtube.com/watch?v=enX2BdVU6IQ
MinaYoung,female,https://www.youtube.com/watch?v=VtxjjelOc_g
Jankos,male,https://www.youtube.com/watch?v=ovsZEpiqNos
LinhNgocDam,female,https://www.youtube.com/watch?v=Cz_K2zIOxlw
MisThy,female,https://www.youtube.com/watch?v=rozB2R_PzRk
Fanny,female,https://www.youtube.com/watch?v=pfZIXd6hrTM
FrostDiamond,male,https://www.youtube.com/watch?v=mCFJIczfReI
EdisonPts,male,https://www.youtube.com/watch?v=R6e1HVxZJ4o
EstubeGaming,male,https://www.youtube.com/watch?v=4JdWHF4X23k
Tery,male,https://www.youtube.com/watch?v=7wHFvyKeS5o
KindlyKevin,male,https://www.youtube.com/watch?v=6PD1h0_qzsQ
T1Faker,male,https://www.youtube.com/watch?v=CjCzpsHOMwo
Slogo,male,https://www.youtube.com/watch?v=y8k0Vnh9H0k
MiawAug,male,https://www.youtube.com/watch?v=vG6y0N4tKB0
Boxbox,male,https://www.youtube.com/watch?v=Y2oxRxzHKxw
PrestonPlayz,male,https://www.youtube.com/watch?v=mKb10bJDMAk
TeaWap,male,https://www.youtube.com/watch?v=Axqhw5cHEXE
GamerGirl,female,https://www.youtube.com/watch?v=OMpVzzFgROI
RonaldOmg,male,https://www.youtube.com/watch?v=8SBV__EQXXg
SivHD,male,https://www.youtube.com/watch?v=HEU8tQeH70U
Jericho,male,https://www.youtube.com/watch?v=WhaItB-JAXw
yassuo,male,https://www.youtube.com/watch?v=q6sI3_D8JPM
Trick2G,male,https://www.youtube.com/watch?v=xEvJaq3pdvw
Caps,male,https://www.youtube.com/watch?v=wOh613aocEQ
Sena,male,https://www.youtube.com/watch?v=qZwEtM_vARI
SBTCPetland,male,https://www.youtube.com/watch?v=X1NVenlvrC4
TranNguyenMinhNghi,female,https://www.youtube.com/watch?v=es3eUICOJXQ
FemSteph,female,https://www.youtube.com/watch?v=vdfjJNv_h5o
AvaGG,female,https://www.youtube.com/watch?v=DlmSnX0NURM
xchocobars,female,https://www.youtube.com/watch?v=JmfVlpZ7jxE
missharvey,female,https://www.youtube.com/watch?v=Fck7R3E1M-Q
KittyPlays,female,https://www.youtube.com/watch?v=7VGtyBdPsb4
LeaMay,female,https://www.youtube.com/watch?v=JP3Oj6vgjyQ
Kaceytron,female,https://www.youtube.com/watch?v=kr3oEYFxBsw
LanaiGara,female,https://www.youtube.com/watch?v=7sMUuNZ5TLk
Dinglederper,female,https://www.youtube.com/watch?v=PpLHwFHymN4
MissRageLol,female,https://www.youtube.com/watch?v=LCYMEEqback
KatMystikGunn,female,https://www.youtube.com/watch?v=tj9CssLRVVY
DizzyKitten,female,https://www.youtube.com/watch?v=VxM2jgOj5Pk
Becca,female,https://www.youtube.com/watch?v=-OXPdebK2nQ
Hafu,female,https://www.youtube.com/watch?v=Nnt4BusvPDE
pokimane,female,https://www.youtube.com/watch?v=VkoS2--KNy4
LoserFruit,female,https://www.youtube.com/watch?v=DECiu6BlQlg
Valkyrae,female,https://www.youtube.com/watch?v=b2k_ndvIq7I
2MGoverCSquared,female,https://www.youtube.com/watch?v=Bm_qKFWCg00
IAMJERM,male,https://www.youtube.com/watch?v=tnWmslOGpXQ
Nightblue3,male,https://www.youtube.com/watch?v=eru1tzU69to
TFBlade,male,https://www.youtube.com/watch?v=DbhxESozYsM
Levi,male,https://www.youtube.com/watch?v=KKrvbVMRGQ4
UyenPu,female,https://www.youtube.com/watch?v=glDeOVv0_X4

